{
  "results": {
    "kobest_boolq": {
      "acc": 0.5021367521367521,
      "acc_stderr": 0.01334864560470119,
      "macro_f1": 0.33428165007112376,
      "macro_f1_stderr": 0.005909264029538844
    },
    "kobest_copa": {
      "acc": 0.756,
      "acc_stderr": 0.013588548437881421,
      "macro_f1": 0.7556833656418718,
      "macro_f1_stderr": 0.013608084119961485
    },
    "kobest_hellaswag": {
      "acc": 0.448,
      "acc_stderr": 0.02226169729227014,
      "acc_norm": 0.508,
      "acc_norm_stderr": 0.022380208834928028,
      "macro_f1": 0.4465128936333162,
      "macro_f1_stderr": 0.022221545079755652
    },
    "kobest_sentineg": {
      "acc": 0.7556675062972292,
      "acc_stderr": 0.021592771788131675,
      "macro_f1": 0.7523425491822783,
      "macro_f1_stderr": 0.02186777137863357
    },
    "kohatespeech": {
      "acc": 0.4267515923566879,
      "acc_stderr": 0.02281445374158802,
      "macro_f1": 0.4221846748514754,
      "macro_f1_stderr": 0.023343365789922747
    },
    "kohatespeech_apeach": {
      "acc": 0.5098143236074271,
      "acc_stderr": 0.008142790404217842,
      "macro_f1": 0.3376669009135629,
      "macro_f1_stderr": 0.0035712112150843973
    },
    "kohatespeech_gen_bias": {
      "acc": 0.14225053078556263,
      "acc_stderr": 0.016112326276355036,
      "macro_f1": 0.12453531598513011,
      "macro_f1_stderr": 0.01239007174718049
    },
    "korunsmile": {
      "f1": 0.4233914202146491,
      "f1_stderr": 0.00803648144427814
    },
    "nsmc": {
      "acc": 0.65288,
      "acc_stderr": 0.002129000884192297
    },
    "pawsx_ko": {
      "acc": 0.534,
      "acc_stderr": 0.01115725065242577
    }
  },
  "versions": {
    "kobest_boolq": 0,
    "kobest_copa": 0,
    "kobest_hellaswag": 0,
    "kobest_sentineg": 0,
    "kohatespeech": 0,
    "kohatespeech_apeach": 0,
    "kohatespeech_gen_bias": 0,
    "korunsmile": 0,
    "nsmc": 0,
    "pawsx_ko": 0
  },
  "config": {
    "model": "hf-causal-experimental",
    "model_args": "pretrained=kyujinpy/KoR-Orca-Platypus-13B,use_accelerate=true",
    "num_fewshot": 0,
    "batch_size": "32",
    "device": null,
    "no_cache": true,
    "limit": null,
    "bootstrap_iters": 100000,
    "description_dict": {}
  }
}