{
  "results": {
    "kobest_boolq": {
      "acc": 0.6054131054131054,
      "acc_stderr": 0.013048734716276876,
      "macro_f1": 0.5313943652807599,
      "macro_f1_stderr": 0.013611826283852988
    },
    "kobest_copa": {
      "acc": 0.779,
      "acc_stderr": 0.013127502859696244,
      "macro_f1": 0.77859061404537,
      "macro_f1_stderr": 0.013167951235883357
    },
    "kobest_hellaswag": {
      "acc": 0.46,
      "acc_stderr": 0.022311333245289663,
      "acc_norm": 0.522,
      "acc_norm_stderr": 0.022361396739207878,
      "macro_f1": 0.4579669287380786,
      "macro_f1_stderr": 0.022294533625814725
    },
    "kobest_sentineg": {
      "acc": 0.9496221662468514,
      "acc_stderr": 0.01099126232622814,
      "macro_f1": 0.9495962622517902,
      "macro_f1_stderr": 0.011050507595022085
    },
    "kohatespeech": {
      "acc": 0.4140127388535032,
      "acc_stderr": 0.022719669560477423,
      "macro_f1": 0.3971002755470379,
      "macro_f1_stderr": 0.02298174602161284
    },
    "kohatespeech_apeach": {
      "acc": 0.653315649867374,
      "acc_stderr": 0.007752032428160081,
      "macro_f1": 0.6223834188631951,
      "macro_f1_stderr": 0.008153841624117003
    },
    "kohatespeech_gen_bias": {
      "acc": 0.7749469214437368,
      "acc_stderr": 0.019263248570988385,
      "macro_f1": 0.5077884691221705,
      "macro_f1_stderr": 0.02389150914706312
    },
    "korunsmile": {
      "f1": 0.39657252479249294,
      "f1_stderr": 0.00835021863590295
    },
    "nsmc": {
      "acc": 0.85846,
      "acc_stderr": 0.0015589025535749177
    },
    "pawsx_ko": {
      "acc": 0.5345,
      "acc_stderr": 0.01115648280392517
    }
  },
  "versions": {
    "kobest_boolq": 0,
    "kobest_copa": 0,
    "kobest_hellaswag": 0,
    "kobest_sentineg": 0,
    "kohatespeech": 0,
    "kohatespeech_apeach": 0,
    "kohatespeech_gen_bias": 0,
    "korunsmile": 0,
    "nsmc": 0,
    "pawsx_ko": 0
  },
  "config": {
    "model": "hf-causal-experimental",
    "model_args": "pretrained=kyujinpy/KoR-Orca-Platypus-13B,use_accelerate=true",
    "num_fewshot": 10,
    "batch_size": "8",
    "device": null,
    "no_cache": true,
    "limit": null,
    "bootstrap_iters": 100000,
    "description_dict": {}
  }
}