{
  "results": {
    "kobest_boolq": {
      "acc": 0.6780626780626781,
      "acc_stderr": 0.012473598138513656,
      "macro_f1": 0.6653158522050059,
      "macro_f1_stderr": 0.012812599730846114
    },
    "kobest_copa": {
      "acc": 0.79,
      "acc_stderr": 0.012886662332274545,
      "macro_f1": 0.7896289053891064,
      "macro_f1_stderr": 0.012876315759866062
    },
    "kobest_hellaswag": {
      "acc": 0.482,
      "acc_stderr": 0.02236856511738799,
      "acc_norm": 0.552,
      "acc_norm_stderr": 0.02226169729227013,
      "macro_f1": 0.47931571810656104,
      "macro_f1_stderr": 0.022359215620125165
    },
    "kobest_sentineg": {
      "acc": 0.964735516372796,
      "acc_stderr": 0.009268838286761628,
      "macro_f1": 0.964729921819474,
      "macro_f1_stderr": 0.009307560963019712
    },
    "kohatespeech": {
      "acc": 0.3821656050955414,
      "acc_stderr": 0.022413666773868076,
      "macro_f1": 0.34151990393815934,
      "macro_f1_stderr": 0.022819993204876696
    },
    "kohatespeech_apeach": {
      "acc": 0.5148541114058356,
      "acc_stderr": 0.00814076468856589,
      "macro_f1": 0.42939382346513244,
      "macro_f1_stderr": 0.007528789869726383
    },
    "kohatespeech_gen_bias": {
      "acc": 0.8428874734607219,
      "acc_stderr": 0.016785770350604648,
      "macro_f1": 0.49457656612528994,
      "macro_f1_stderr": 0.021858130742305474
    },
    "korunsmile": {
      "f1": 0.3697840716590921,
      "f1_stderr": 0.007810564809870382
    },
    "nsmc": {
      "acc": 0.86266,
      "acc_stderr": 0.0015393511230514722
    },
    "pawsx_ko": {
      "acc": 0.528,
      "acc_stderr": 0.01116558709462154
    }
  },
  "versions": {
    "kobest_boolq": 0,
    "kobest_copa": 0,
    "kobest_hellaswag": 0,
    "kobest_sentineg": 0,
    "kohatespeech": 0,
    "kohatespeech_apeach": 0,
    "kohatespeech_gen_bias": 0,
    "korunsmile": 0,
    "nsmc": 0,
    "pawsx_ko": 0
  },
  "config": {
    "model": "hf-causal-experimental",
    "model_args": "pretrained=beomi/open-llama-2-ko-7b-dev,use_accelerate=true,trust_remote_code=true",
    "num_fewshot": 10,
    "batch_size": "2",
    "device": null,
    "no_cache": true,
    "limit": null,
    "bootstrap_iters": 100000,
    "description_dict": {}
  }
}