{
  "results": {
    "kobest_boolq": {
      "acc": 0.6937321937321937,
      "acc_stderr": 0.012306024146757409,
      "macro_f1": 0.6877708706130597,
      "macro_f1_stderr": 0.012519785247342726
    },
    "kobest_copa": {
      "acc": 0.819,
      "acc_stderr": 0.012181436179177907,
      "macro_f1": 0.8187518713118258,
      "macro_f1_stderr": 0.012187421032190376
    },
    "kobest_hellaswag": {
      "acc": 0.482,
      "acc_stderr": 0.02236856511738799,
      "acc_norm": 0.562,
      "acc_norm_stderr": 0.022210326363977413,
      "macro_f1": 0.4792245111210629,
      "macro_f1_stderr": 0.02233603389016075
    },
    "kobest_sentineg": {
      "acc": 0.9773299748110831,
      "acc_stderr": 0.0074799555626567935,
      "macro_f1": 0.977329399447987,
      "macro_f1_stderr": 0.0074869218597738004
    },
    "kohatespeech": {
      "acc": 0.42462845010615713,
      "acc_stderr": 0.022799735415905943,
      "macro_f1": 0.35399787586439313,
      "macro_f1_stderr": 0.023408965448564207
    },
    "kohatespeech_apeach": {
      "acc": 0.5726790450928382,
      "acc_stderr": 0.008057859163371858,
      "macro_f1": 0.5044370786195058,
      "macro_f1_stderr": 0.008180341782735204
    },
    "kohatespeech_gen_bias": {
      "acc": 0.8577494692144374,
      "acc_stderr": 0.016112326276355032,
      "macro_f1": 0.4897074756229686,
      "macro_f1_stderr": 0.02015215006992388
    },
    "korunsmile": {
      "f1": 0.23569034193883534,
      "f1_stderr": 0.006194434511805301
    },
    "nsmc": {
      "acc": 0.87248,
      "acc_stderr": 0.001491716292177775
    },
    "pawsx_ko": {
      "acc": 0.5,
      "acc_stderr": 0.011183136021064612
    }
  },
  "versions": {
    "kobest_boolq": 0,
    "kobest_copa": 0,
    "kobest_hellaswag": 0,
    "kobest_sentineg": 0,
    "kohatespeech": 0,
    "kohatespeech_apeach": 0,
    "kohatespeech_gen_bias": 0,
    "korunsmile": 0,
    "nsmc": 0,
    "pawsx_ko": 0
  },
  "config": {
    "model": "hf-causal-experimental",
    "model_args": "pretrained=beomi/open-llama-2-ko-7b-dev,use_accelerate=true,trust_remote_code=true",
    "num_fewshot": 50,
    "batch_size": "1",
    "device": null,
    "no_cache": true,
    "limit": null,
    "bootstrap_iters": 100000,
    "description_dict": {}
  }
}