{
  "results": {
    "kobest_boolq": {
      "acc": 0.6581196581196581,
      "acc_stderr": 0.012663701380553203,
      "macro_f1": 0.6533903884134299,
      "macro_f1_stderr": 0.012781130973397772
    },
    "kobest_copa": {
      "acc": 0.79,
      "acc_stderr": 0.012886662332274536,
      "macro_f1": 0.7895150426582846,
      "macro_f1_stderr": 0.012911800748727808
    },
    "kobest_hellaswag": {
      "acc": 0.478,
      "acc_stderr": 0.022361396739207878,
      "acc_norm": 0.56,
      "acc_norm_stderr": 0.022221331534143025,
      "macro_f1": 0.47478116900838574,
      "macro_f1_stderr": 0.02222524787209931
    },
    "kobest_sentineg": {
      "acc": 0.947103274559194,
      "acc_stderr": 0.011247745214944975,
      "macro_f1": 0.947097904094725,
      "macro_f1_stderr": 0.01129651624897854
    },
    "kohatespeech": {
      "acc": 0.37154989384288745,
      "acc_stderr": 0.022289228876070304,
      "macro_f1": 0.3620865625263901,
      "macro_f1_stderr": 0.022710050822804986
    },
    "kohatespeech_apeach": {
      "acc": 0.5196286472148541,
      "acc_stderr": 0.008138081300987502,
      "macro_f1": 0.4825643307422406,
      "macro_f1_stderr": 0.008088952590426114
    },
    "kohatespeech_gen_bias": {
      "acc": 0.8259023354564756,
      "acc_stderr": 0.01749088928459584,
      "macro_f1": 0.47535861769180615,
      "macro_f1_stderr": 0.017312649199004815
    },
    "korunsmile": {
      "f1": 0.3685889566249143,
      "f1_stderr": 0.007986561058901737
    },
    "nsmc": {
      "acc": 0.82568,
      "acc_stderr": 0.0016966756691144192
    },
    "pawsx_ko": {
      "acc": 0.5255,
      "acc_stderr": 0.01116858288333007
    }
  },
  "versions": {
    "kobest_boolq": 0,
    "kobest_copa": 0,
    "kobest_hellaswag": 0,
    "kobest_sentineg": 0,
    "kohatespeech": 0,
    "kohatespeech_apeach": 0,
    "kohatespeech_gen_bias": 0,
    "korunsmile": 0,
    "nsmc": 0,
    "pawsx_ko": 0
  },
  "config": {
    "model": "hf-causal-experimental",
    "model_args": "pretrained=beomi/open-llama-2-ko-7b-dev,use_accelerate=true,trust_remote_code=true",
    "num_fewshot": 5,
    "batch_size": "4",
    "device": null,
    "no_cache": true,
    "limit": null,
    "bootstrap_iters": 100000,
    "description_dict": {}
  }
}