{
  "results": {
    "kobest_boolq": {
      "acc": 0.5655270655270656,
      "acc_stderr": 0.0132336372340681,
      "macro_f1": 0.4783339627468418,
      "macro_f1_stderr": 0.013058366214470615
    },
    "kobest_copa": {
      "acc": 0.748,
      "acc_stderr": 0.01373625439065114,
      "macro_f1": 0.747596153846154,
      "macro_f1_stderr": 0.013738070068359023
    },
    "kobest_hellaswag": {
      "acc": 0.492,
      "acc_stderr": 0.022380208834928035,
      "acc_norm": 0.566,
      "acc_norm_stderr": 0.02218721580302901,
      "macro_f1": 0.49044857687233573,
      "macro_f1_stderr": 0.022453022548646808
    },
    "kobest_sentineg": {
      "acc": 0.6272040302267002,
      "acc_stderr": 0.02429922550902805,
      "macro_f1": 0.5679705882352941,
      "macro_f1_stderr": 0.02566363876936614
    },
    "kohatespeech": {
      "acc": 0.3991507430997877,
      "acc_stderr": 0.022589275716807352,
      "macro_f1": 0.3230558175426563,
      "macro_f1_stderr": 0.01770888620586772
    },
    "kohatespeech_apeach": {
      "acc": 0.5098143236074271,
      "acc_stderr": 0.008142790404217842,
      "macro_f1": 0.3376669009135629,
      "macro_f1_stderr": 0.0035712112150843973
    },
    "kohatespeech_gen_bias": {
      "acc": 0.14225053078556263,
      "acc_stderr": 0.016112326276355036,
      "macro_f1": 0.12453531598513011,
      "macro_f1_stderr": 0.01239007174718049
    },
    "korunsmile": {
      "f1": 0.42159368623468346,
      "f1_stderr": 0.008655669369608984
    },
    "nsmc": {
      "acc": 0.5925,
      "acc_stderr": 0.0021974921113466577
    },
    "pawsx_ko": {
      "acc": 0.5085,
      "acc_stderr": 0.011181519941139164
    }
  },
  "versions": {
    "kobest_boolq": 0,
    "kobest_copa": 0,
    "kobest_hellaswag": 0,
    "kobest_sentineg": 0,
    "kohatespeech": 0,
    "kohatespeech_apeach": 0,
    "kohatespeech_gen_bias": 0,
    "korunsmile": 0,
    "nsmc": 0,
    "pawsx_ko": 0
  },
  "config": {
    "model": "hf-causal-experimental",
    "model_args": "pretrained=beomi/Yi-Ko-6B,use_accelerate=true,trust_remote_code=true",
    "num_fewshot": 0,
    "batch_size": "8",
    "device": null,
    "no_cache": true,
    "limit": null,
    "bootstrap_iters": 100000,
    "description_dict": {}
  }
}