{
  "results": {
    "kobest_boolq": {
      "acc": 0.7193732193732194,
      "acc_stderr": 0.011995348071403346,
      "macro_f1": 0.7162198765513166,
      "macro_f1_stderr": 0.012111624980383677
    },
    "kobest_copa": {
      "acc": 0.83,
      "acc_stderr": 0.011884495834541653,
      "macro_f1": 0.8299755164743724,
      "macro_f1_stderr": 0.011901395582943024
    },
    "kobest_hellaswag": {
      "acc": 0.462,
      "acc_stderr": 0.022318338119870534,
      "acc_norm": 0.494,
      "acc_norm_stderr": 0.022381462412439324,
      "macro_f1": 0.45862779342729354,
      "macro_f1_stderr": 0.02229096088370739
    },
    "kobest_sentineg": {
      "acc": 0.9748110831234257,
      "acc_stderr": 0.007874398380604303,
      "macro_f1": 0.9748096446700507,
      "macro_f1_stderr": 0.007872078357713018
    },
    "kohatespeech": {
      "acc": 0.4543524416135881,
      "acc_stderr": 0.02296696519440892,
      "macro_f1": 0.3665847718513359,
      "macro_f1_stderr": 0.019704601327188046
    },
    "kohatespeech_apeach": {
      "acc": 0.640053050397878,
      "acc_stderr": 0.007818333032516151,
      "macro_f1": 0.6292685846705061,
      "macro_f1_stderr": 0.0079759454354925
    },
    "kohatespeech_gen_bias": {
      "acc": 0.7664543524416136,
      "acc_stderr": 0.01951551908724209,
      "macro_f1": 0.45111873887617593,
      "macro_f1_stderr": 0.014149177928826986
    },
    "korunsmile": {
      "f1": 0.3439456688707214,
      "f1_stderr": 0.00633218167928109
    },
    "nsmc": {
      "acc": 0.8939,
      "acc_stderr": 0.0013772776546052481
    },
    "pawsx_ko": {
      "acc": 0.5195,
      "acc_stderr": 0.011174628009718149
    }
  },
  "versions": {
    "kobest_boolq": 0,
    "kobest_copa": 0,
    "kobest_hellaswag": 0,
    "kobest_sentineg": 0,
    "kohatespeech": 0,
    "kohatespeech_apeach": 0,
    "kohatespeech_gen_bias": 0,
    "korunsmile": 0,
    "nsmc": 0,
    "pawsx_ko": 0
  },
  "config": {
    "model": "hf-causal-experimental",
    "model_args": "pretrained=beomi/llama-2-ko-7b,use_accelerate=true,trust_remote_code=true",
    "num_fewshot": 50,
    "batch_size": "4",
    "device": null,
    "no_cache": true,
    "limit": null,
    "bootstrap_iters": 100000,
    "description_dict": {}
  }
}