{
  "results": {
    "kobest_boolq": {
      "acc": 0.6844729344729344,
      "acc_stderr": 0.012407023751885883,
      "macro_f1": 0.6828315948628644,
      "macro_f1_stderr": 0.012463723237979568
    },
    "kobest_copa": {
      "acc": 0.8,
      "acc_stderr": 0.012655439943366655,
      "macro_f1": 0.7998430769723464,
      "macro_f1_stderr": 0.012668316977833867
    },
    "kobest_hellaswag": {
      "acc": 0.464,
      "acc_stderr": 0.022324981738385253,
      "acc_norm": 0.496,
      "acc_norm_stderr": 0.022382357781962132,
      "macro_f1": 0.46063201198553677,
      "macro_f1_stderr": 0.02231747896902849
    },
    "kobest_sentineg": {
      "acc": 0.9697732997481109,
      "acc_stderr": 0.008603653036070191,
      "macro_f1": 0.9697731079640628,
      "macro_f1_stderr": 0.008605618143331075
    },
    "kohatespeech": {
      "acc": 0.3885350318471338,
      "acc_stderr": 0.02248288052618342,
      "macro_f1": 0.3833356108099264,
      "macro_f1_stderr": 0.022817833544243233
    },
    "kohatespeech_apeach": {
      "acc": 0.5684350132625995,
      "acc_stderr": 0.00806771305184496,
      "macro_f1": 0.5676267528228405,
      "macro_f1_stderr": 0.00804491633259696
    },
    "kohatespeech_gen_bias": {
      "acc": 0.7664543524416136,
      "acc_stderr": 0.019515519087242084,
      "macro_f1": 0.5091890867752936,
      "macro_f1_stderr": 0.023769677379218045
    },
    "korunsmile": {
      "f1": 0.3062084698785343,
      "f1_stderr": 0.007066819776922825
    },
    "nsmc": {
      "acc": 0.84242,
      "acc_stderr": 0.001629424429815018
    },
    "pawsx_ko": {
      "acc": 0.52,
      "acc_stderr": 0.011174185930778315
    }
  },
  "versions": {
    "kobest_boolq": 0,
    "kobest_copa": 0,
    "kobest_hellaswag": 0,
    "kobest_sentineg": 0,
    "kohatespeech": 0,
    "kohatespeech_apeach": 0,
    "kohatespeech_gen_bias": 0,
    "korunsmile": 0,
    "nsmc": 0,
    "pawsx_ko": 0
  },
  "config": {
    "model": "hf-causal-experimental",
    "model_args": "pretrained=beomi/llama-2-ko-7b,use_accelerate=true,trust_remote_code=true",
    "num_fewshot": 5,
    "batch_size": "16",
    "device": null,
    "no_cache": true,
    "limit": null,
    "bootstrap_iters": 100000,
    "description_dict": {}
  }
}