{
  "results": {
    "kobest_boolq": {
      "acc": 0.5455840455840456,
      "acc_stderr": 0.01329317679810717,
      "macro_f1": 0.5423513711801816,
      "macro_f1_stderr": 0.013318461886355288
    },
    "kobest_copa": {
      "acc": 0.772,
      "acc_stderr": 0.01327374070080448,
      "macro_f1": 0.7713818164316312,
      "macro_f1_stderr": 0.013328164033193124
    },
    "kobest_hellaswag": {
      "acc": 0.502,
      "acc_stderr": 0.022382894986483524,
      "acc_norm": 0.612,
      "acc_norm_stderr": 0.021814300984787635,
      "macro_f1": 0.4992000854433873,
      "macro_f1_stderr": 0.022390775957159666
    },
    "kobest_sentineg": {
      "acc": 0.9672544080604534,
      "acc_stderr": 0.008943328610565187,
      "macro_f1": 0.9672411057158271,
      "macro_f1_stderr": 0.008955532414952432
    },
    "kohatespeech": {
      "acc": 0.36942675159235666,
      "acc_stderr": 0.022262965469360796,
      "macro_f1": 0.3055761274858771,
      "macro_f1_stderr": 0.021751828043578496
    },
    "kohatespeech_apeach": {
      "acc": 0.4960212201591512,
      "acc_stderr": 0.008144101634495792,
      "macro_f1": 0.44799603216804473,
      "macro_f1_stderr": 0.00791041765417212
    },
    "kohatespeech_gen_bias": {
      "acc": 0.8577494692144374,
      "acc_stderr": 0.016112326276355036,
      "macro_f1": 0.46171428571428574,
      "macro_f1_stderr": 0.004689874259671842
    },
    "korunsmile": {
      "f1": 0.32601384088835167,
      "f1_stderr": 0.006893158886297002
    },
    "nsmc": {
      "acc": 0.7911,
      "acc_stderr": 0.0018180434278746802
    },
    "pawsx_ko": {
      "acc": 0.517,
      "acc_stderr": 0.011176670299310671
    }
  },
  "versions": {
    "kobest_boolq": 0,
    "kobest_copa": 0,
    "kobest_hellaswag": 0,
    "kobest_sentineg": 0,
    "kohatespeech": 0,
    "kohatespeech_apeach": 0,
    "kohatespeech_gen_bias": 0,
    "korunsmile": 0,
    "nsmc": 0,
    "pawsx_ko": 0
  },
  "config": {
    "model": "hf-causal-experimental",
    "model_args": "pretrained=EleutherAI/polyglot-ko-5.8b,use_accelerate=true,trust_remote_code=true",
    "num_fewshot": 10,
    "batch_size": "8",
    "device": null,
    "no_cache": true,
    "limit": null,
    "bootstrap_iters": 100000,
    "description_dict": {}
  }
}