{
  "results": {
    "klue_nli": {
      "acc": 0.3403333333333333,
      "acc_stderr": 0.008652194635419936
    },
    "klue_sts": {
      "acc": 0.5279383429672447,
      "acc_stderr": 0.021934416504620084,
      "f1": 0.27728613569321536,
      "f1_stderr": 0.031958728924087874
    },
    "klue_ynat": {
      "f1": 0.2945507635094526,
      "f1_stderr": 0.005182141354603743
    },
    "kohatespeech": {
      "acc": 0.3651804670912951,
      "acc_stderr": 0.02220904998333557,
      "macro_f1": 0.32861019002258424,
      "macro_f1_stderr": 0.022301183545964644
    },
    "kohatespeech_apeach": {
      "acc": 0.506631299734748,
      "acc_stderr": 0.00814364318637502,
      "macro_f1": 0.4905405405405405,
      "macro_f1_stderr": 0.008103944191261358
    },
    "kohatespeech_gen_bias": {
      "acc": 0.821656050955414,
      "acc_stderr": 0.017657340398980335,
      "macro_f1": 0.4940664961636829,
      "macro_f1_stderr": 0.021909142568712715
    },
    "korunsmile": {
      "f1": 0.3157468942920172,
      "f1_stderr": 0.006938153774118913
    },
    "nsmc": {
      "acc": 0.7898,
      "acc_stderr": 0.0018221925276189687
    },
    "pawsx_ko": {
      "acc": 0.4685,
      "acc_stderr": 0.011160921022883276
    }
  },
  "versions": {
    "klue_nli": 0,
    "klue_sts": 0,
    "klue_ynat": 0,
    "kohatespeech": 0,
    "kohatespeech_apeach": 0,
    "kohatespeech_gen_bias": 0,
    "korunsmile": 0,
    "nsmc": 0,
    "pawsx_ko": 0
  },
  "config": {
    "model": "gpt2",
    "model_args": "pretrained=EleutherAI/polyglot-ko-1.3b",
    "num_fewshot": 10,
    "batch_size": null,
    "device": "cuda:0",
    "no_cache": false,
    "limit": null,
    "bootstrap_iters": 100000,
    "description_dict": {}
  }
}