{
  "results": {
    "klue_nli": {
      "acc": 0.3403333333333333,
      "acc_stderr": 0.008652194635419936
    },
    "klue_sts": {
      "acc": 0.5491329479768786,
      "acc_stderr": 0.021862414346280574,
      "f1": 0.43749999999999994,
      "f1_stderr": 0.030453240605231163
    },
    "klue_ynat": {
      "f1": 0.28600792148230364,
      "f1_stderr": 0.005205170473894049
    },
    "kohatespeech": {
      "acc": 0.37579617834394907,
      "acc_stderr": 0.022340375179521272,
      "macro_f1": 0.3525939081494636,
      "macro_f1_stderr": 0.022521110173250033
    },
    "kohatespeech_apeach": {
      "acc": 0.5037135278514588,
      "acc_stderr": 0.008144134870981744,
      "macro_f1": 0.4916398078634331,
      "macro_f1_stderr": 0.00813216088300538
    },
    "kohatespeech_gen_bias": {
      "acc": 0.7983014861995754,
      "acc_stderr": 0.01850912502565043,
      "macro_f1": 0.4732225897976242,
      "macro_f1_stderr": 0.01811054334387526
    },
    "korunsmile": {
      "f1": 0.3237393514245563,
      "f1_stderr": 0.0072879007706964875
    },
    "nsmc": {
      "acc": 0.75096,
      "acc_stderr": 0.0019340259504797282
    },
    "pawsx_ko": {
      "acc": 0.4815,
      "acc_stderr": 0.011175478542788577
    }
  },
  "versions": {
    "klue_nli": 0,
    "klue_sts": 0,
    "klue_ynat": 0,
    "kohatespeech": 0,
    "kohatespeech_apeach": 0,
    "kohatespeech_gen_bias": 0,
    "korunsmile": 0,
    "nsmc": 0,
    "pawsx_ko": 0
  },
  "config": {
    "model": "gpt2",
    "model_args": "pretrained=EleutherAI/polyglot-ko-1.3b",
    "num_fewshot": 5,
    "batch_size": null,
    "device": "cuda:0",
    "no_cache": false,
    "limit": null,
    "bootstrap_iters": 100000,
    "description_dict": {}
  }
}