{
  "results": {
    "klue_nli": {
      "acc": 0.35,
      "acc_stderr": 0.008709685386961178
    },
    "klue_sts": {
      "acc": 0.4816955684007707,
      "acc_stderr": 0.021954012473243845,
      "f1": 0.4934086629001883,
      "f1_stderr": 0.02670628800713282
    },
    "klue_ynat": {
      "f1": 0.3058760677443103,
      "f1_stderr": 0.005071374357903151
    },
    "kohatespeech": {
      "acc": 0.3970276008492569,
      "acc_stderr": 0.022568886746229356,
      "macro_f1": 0.3705751659562256,
      "macro_f1_stderr": 0.022923923187002437
    },
    "kohatespeech_apeach": {
      "acc": 0.5026525198938993,
      "acc_stderr": 0.008144244894241663,
      "macro_f1": 0.5025388026771382,
      "macro_f1_stderr": 0.008137229555904613
    },
    "kohatespeech_gen_bias": {
      "acc": 0.7409766454352441,
      "acc_stderr": 0.020207974850621636,
      "macro_f1": 0.4692810698980346,
      "macro_f1_stderr": 0.01938166110403857
    },
    "korunsmile": {
      "f1": 0.3350720030467527,
      "f1_stderr": 0.007560022939740454
    },
    "nsmc": {
      "acc": 0.79774,
      "acc_stderr": 0.0017964081912655533
    },
    "pawsx_ko": {
      "acc": 0.51,
      "acc_stderr": 0.011180899170152971
    }
  },
  "versions": {
    "klue_nli": 0,
    "klue_sts": 0,
    "klue_ynat": 0,
    "kohatespeech": 0,
    "kohatespeech_apeach": 0,
    "kohatespeech_gen_bias": 0,
    "korunsmile": 0,
    "nsmc": 0,
    "pawsx_ko": 0
  },
  "config": {
    "model": "gpt2",
    "model_args": "pretrained=EleutherAI/polyglot-ko-12.8b",
    "num_fewshot": 5,
    "batch_size": "8",
    "device": "cuda:5",
    "no_cache": true,
    "limit": null,
    "bootstrap_iters": 100000,
    "description_dict": {}
  }
}