{
  "results": {
    "kobest_boolq": {
      "acc": 0.5341880341880342,
      "acc_stderr": 0.013317526282510473,
      "macro_f1": 0.4129699291382277,
      "macro_f1_stderr": 0.011428234144919043
    },
    "kobest_copa": {
      "acc": 0.784,
      "acc_stderr": 0.013019735539307799,
      "macro_f1": 0.7836876449593212,
      "macro_f1_stderr": 0.012982009321948122
    },
    "kobest_hellaswag": {
      "acc": 0.462,
      "acc_stderr": 0.02231833811987054,
      "acc_norm": 0.554,
      "acc_norm_stderr": 0.022252153078595897,
      "macro_f1": 0.4586441810347781,
      "macro_f1_stderr": 0.022223672098366804
    },
    "kobest_sentineg": {
      "acc": 0.5340050377833753,
      "acc_stderr": 0.025067769630661898,
      "macro_f1": 0.3992966098229256,
      "macro_f1_stderr": 0.02022327014998427
    },
    "kohatespeech": {
      "acc": 0.45222929936305734,
      "acc_stderr": 0.022957776236027797,
      "macro_f1": 0.38045485491354497,
      "macro_f1_stderr": 0.017237326057173187
    },
    "kohatespeech_apeach": {
      "acc": 0.5098143236074271,
      "acc_stderr": 0.008142790404217842,
      "macro_f1": 0.3376669009135629,
      "macro_f1_stderr": 0.0035712112150843973
    },
    "kohatespeech_gen_bias": {
      "acc": 0.14225053078556263,
      "acc_stderr": 0.016112326276355036,
      "macro_f1": 0.12453531598513011,
      "macro_f1_stderr": 0.01239007174718049
    },
    "korunsmile": {
      "f1": 0.39677011666729944,
      "f1_stderr": 0.007294072286026489
    },
    "nsmc": {
      "acc": 0.53268,
      "acc_stderr": 0.0022313090164292415
    },
    "pawsx_ko": {
      "acc": 0.5345,
      "acc_stderr": 0.011156482803925174
    }
  },
  "versions": {
    "kobest_boolq": 0,
    "kobest_copa": 0,
    "kobest_hellaswag": 0,
    "kobest_sentineg": 0,
    "kohatespeech": 0,
    "kohatespeech_apeach": 0,
    "kohatespeech_gen_bias": 0,
    "korunsmile": 0,
    "nsmc": 0,
    "pawsx_ko": 0
  },
  "config": {
    "model": "hf-causal-experimental",
    "model_args": "pretrained=beomi/open-llama-2-ko-7b-dev,use_accelerate=true,trust_remote_code=true",
    "num_fewshot": 0,
    "batch_size": "8",
    "device": null,
    "no_cache": true,
    "limit": null,
    "bootstrap_iters": 100000,
    "description_dict": {}
  }
}