{
  "results": {
    "kobest_boolq": {
      "acc": 0.6388888888888888,
      "acc_stderr": 0.012823431548568874,
      "macro_f1": 0.6091964246008805,
      "macro_f1_stderr": 0.01336663491769318
    },
    "kobest_copa": {
      "acc": 0.817,
      "acc_stderr": 0.012233587399477828,
      "macro_f1": 0.8168004957398607,
      "macro_f1_stderr": 0.012244007884434149
    },
    "kobest_hellaswag": {
      "acc": 0.482,
      "acc_stderr": 0.02236856511738799,
      "acc_norm": 0.54,
      "acc_norm_stderr": 0.02231133324528967,
      "macro_f1": 0.47857574018894383,
      "macro_f1_stderr": 0.02224268393056265
    },
    "kobest_sentineg": {
      "acc": 0.9773299748110831,
      "acc_stderr": 0.007479955562656792,
      "macro_f1": 0.9773299748110831,
      "macro_f1_stderr": 0.0075055590654365045
    },
    "kohatespeech": {
      "acc": 0.40764331210191085,
      "acc_stderr": 0.022666417290057427,
      "macro_f1": 0.3107558312758992,
      "macro_f1_stderr": 0.021822643827510434
    },
    "kohatespeech_apeach": {
      "acc": 0.6114058355437666,
      "acc_stderr": 0.007939622581772207,
      "macro_f1": 0.5772914739092164,
      "macro_f1_stderr": 0.008212837688519574
    },
    "kohatespeech_gen_bias": {
      "acc": 0.7091295116772823,
      "acc_stderr": 0.020949018529065108,
      "macro_f1": 0.5275412404724075,
      "macro_f1_stderr": 0.024393442972956543
    },
    "korunsmile": {
      "f1": 0.2286740776550195,
      "f1_stderr": 0.005988248751218873
    },
    "nsmc": {
      "acc": 0.87642,
      "acc_stderr": 0.0014718026348867043
    },
    "pawsx_ko": {
      "acc": 0.514,
      "acc_stderr": 0.011178751372184865
    }
  },
  "versions": {
    "kobest_boolq": 0,
    "kobest_copa": 0,
    "kobest_hellaswag": 0,
    "kobest_sentineg": 0,
    "kohatespeech": 0,
    "kohatespeech_apeach": 0,
    "kohatespeech_gen_bias": 0,
    "korunsmile": 0,
    "nsmc": 0,
    "pawsx_ko": 0
  },
  "config": {
    "model": "hf-causal-experimental",
    "model_args": "pretrained=beomi/open-llama-2-ko-7b-dev,use_accelerate=true,trust_remote_code=true",
    "num_fewshot": 50,
    "batch_size": "1",
    "device": null,
    "no_cache": true,
    "limit": null,
    "bootstrap_iters": 100000,
    "description_dict": {}
  }
}