{
  "results": {
    "klue_nli": {
      "acc": 0.3333333333333333,
      "acc_stderr": 0.008608064455224173
    },
    "klue_sts": {
      "acc": 0.49903660886319845,
      "acc_stderr": 0.021968697978788768,
      "f1": 0.4247787610619469,
      "f1_stderr": 0.02923888758285573
    },
    "klue_ynat": {
      "f1": 0.2693512928356826,
      "f1_stderr": 0.004924591933222046
    },
    "kohatespeech": {
      "acc": 0.3991507430997877,
      "acc_stderr": 0.022589275716807362,
      "macro_f1": 0.383735418378119,
      "macro_f1_stderr": 0.022811400267173446
    },
    "kohatespeech_apeach": {
      "acc": 0.4936339522546419,
      "acc_stderr": 0.008143699347657306,
      "macro_f1": 0.4122311821700061,
      "macro_f1_stderr": 0.007389600335867675
    },
    "kohatespeech_gen_bias": {
      "acc": 0.8577494692144374,
      "acc_stderr": 0.016112326276355036,
      "macro_f1": 0.46171428571428574,
      "macro_f1_stderr": 0.004689874259671842
    },
    "korunsmile": {
      "f1": 0.3309339902320143,
      "f1_stderr": 0.007633745888718962
    },
    "nsmc": {
      "acc": 0.77078,
      "acc_stderr": 0.0018797963997967597
    },
    "pawsx_ko": {
      "acc": 0.4875,
      "acc_stderr": 0.011179640744835734
    }
  },
  "versions": {
    "klue_nli": 0,
    "klue_sts": 0,
    "klue_ynat": 0,
    "kohatespeech": 0,
    "kohatespeech_apeach": 0,
    "kohatespeech_gen_bias": 0,
    "korunsmile": 0,
    "nsmc": 0,
    "pawsx_ko": 0
  },
  "config": {
    "model": "gpt2",
    "model_args": "pretrained=EleutherAI/polyglot-ko-3.8b",
    "num_fewshot": 5,
    "batch_size": null,
    "device": "cuda:0",
    "no_cache": false,
    "limit": null,
    "bootstrap_iters": 100000,
    "description_dict": {}
  }
}