{
  "results": {
    "kobest_boolq": {
      "acc": 0.5035612535612536,
      "acc_stderr": 0.013348428901951034,
      "macro_f1": 0.33745202290848997,
      "macro_f1_stderr": 0.0063049184042717
    },
    "kobest_copa": {
      "acc": 0.666,
      "acc_stderr": 0.014922019523732956,
      "macro_f1": 0.6655170065574689,
      "macro_f1_stderr": 0.014950811297137354
    },
    "kobest_hellaswag": {
      "acc": 0.388,
      "acc_stderr": 0.02181430098478764,
      "acc_norm": 0.512,
      "acc_norm_stderr": 0.02237662679792717,
      "macro_f1": 0.3831737474519902,
      "macro_f1_stderr": 0.02162032765986974
    },
    "kobest_sentineg": {
      "acc": 0.5188916876574308,
      "acc_stderr": 0.025108004284191587,
      "macro_f1": 0.3679661257116185,
      "macro_f1_stderr": 0.01694681315850428
    },
    "kohatespeech": {
      "acc": 0.3651804670912951,
      "acc_stderr": 0.02220904998333557,
      "macro_f1": 0.3006269871928208,
      "macro_f1_stderr": 0.016587547431392898
    },
    "kohatespeech_apeach": {
      "acc": 0.5098143236074271,
      "acc_stderr": 0.008142790404217842,
      "macro_f1": 0.3376669009135629,
      "macro_f1_stderr": 0.0035712112150843973
    },
    "kohatespeech_gen_bias": {
      "acc": 0.14225053078556263,
      "acc_stderr": 0.016112326276355036,
      "macro_f1": 0.12453531598513011,
      "macro_f1_stderr": 0.01239007174718049
    },
    "korunsmile": {
      "f1": 0.35821995090549175,
      "f1_stderr": 0.007626967752881005
    },
    "nsmc": {
      "acc": 0.50714,
      "acc_stderr": 0.002235862336908973
    },
    "pawsx_ko": {
      "acc": 0.539,
      "acc_stderr": 0.011149065020234345
    }
  },
  "versions": {
    "kobest_boolq": 0,
    "kobest_copa": 0,
    "kobest_hellaswag": 0,
    "kobest_sentineg": 0,
    "kohatespeech": 0,
    "kohatespeech_apeach": 0,
    "kohatespeech_gen_bias": 0,
    "korunsmile": 0,
    "nsmc": 0,
    "pawsx_ko": 0
  },
  "config": {
    "model": "hf-causal-experimental",
    "model_args": "pretrained=beomi/llama-2-ko-7b-emb-dev,use_accelerate=true,trust_remote_code=true",
    "num_fewshot": 0,
    "batch_size": "8",
    "device": null,
    "no_cache": true,
    "limit": null,
    "bootstrap_iters": 100000,
    "description_dict": {}
  }
}