{
  "results": {
    "kobest_boolq": {
      "acc": 0.6025641025641025,
      "acc_stderr": 0.01306490745265413,
      "macro_f1": 0.5856084969532838,
      "macro_f1_stderr": 0.013296491358049802
    },
    "kobest_copa": {
      "acc": 0.687,
      "acc_stderr": 0.01467127282297788,
      "macro_f1": 0.6866587714020569,
      "macro_f1_stderr": 0.01473005033205572
    },
    "kobest_hellaswag": {
      "acc": 0.386,
      "acc_stderr": 0.021793529219281165,
      "acc_norm": 0.506,
      "acc_norm_stderr": 0.022381462412439324,
      "macro_f1": 0.3806370862935202,
      "macro_f1_stderr": 0.02154828040643639
    },
    "kobest_sentineg": {
      "acc": 0.964735516372796,
      "acc_stderr": 0.009268838286761628,
      "macro_f1": 0.964729921819474,
      "macro_f1_stderr": 0.009245521551578009
    },
    "kohatespeech": {
      "acc": 0.37579617834394907,
      "acc_stderr": 0.022340375179521282,
      "macro_f1": 0.36492338591312995,
      "macro_f1_stderr": 0.022545004271105694
    },
    "kohatespeech_apeach": {
      "acc": 0.49230769230769234,
      "acc_stderr": 0.008143395613658488,
      "macro_f1": 0.45271581371868497,
      "macro_f1_stderr": 0.007952081668266926
    },
    "kohatespeech_gen_bias": {
      "acc": 0.8556263269639066,
      "acc_stderr": 0.016212020466187634,
      "macro_f1": 0.4610983981693364,
      "macro_f1_stderr": 0.004731113030327204
    },
    "korunsmile": {
      "f1": 0.381936550020517,
      "f1_stderr": 0.007865254510163804
    },
    "nsmc": {
      "acc": 0.83964,
      "acc_stderr": 0.0016410201909009049
    },
    "pawsx_ko": {
      "acc": 0.5225,
      "acc_stderr": 0.011171807357801166
    }
  },
  "versions": {
    "kobest_boolq": 0,
    "kobest_copa": 0,
    "kobest_hellaswag": 0,
    "kobest_sentineg": 0,
    "kohatespeech": 0,
    "kohatespeech_apeach": 0,
    "kohatespeech_gen_bias": 0,
    "korunsmile": 0,
    "nsmc": 0,
    "pawsx_ko": 0
  },
  "config": {
    "model": "hf-causal-experimental",
    "model_args": "pretrained=beomi/llama-2-ko-7b-emb-dev,use_accelerate=true,trust_remote_code=true",
    "num_fewshot": 10,
    "batch_size": "2",
    "device": null,
    "no_cache": true,
    "limit": null,
    "bootstrap_iters": 100000,
    "description_dict": {}
  }
}