{
  "results": {
    "kobest_boolq": {
      "acc": 0.5990028490028491,
      "acc_stderr": 0.013084473501849882,
      "macro_f1": 0.5674858760926365,
      "macro_f1_stderr": 0.0134888265542878
    },
    "kobest_copa": {
      "acc": 0.699,
      "acc_stderr": 0.014512395033543157,
      "macro_f1": 0.6986718536486234,
      "macro_f1_stderr": 0.014555419326702217
    },
    "kobest_hellaswag": {
      "acc": 0.388,
      "acc_stderr": 0.021814300984787635,
      "acc_norm": 0.518,
      "acc_norm_stderr": 0.02236856511738799,
      "macro_f1": 0.3837332671605489,
      "macro_f1_stderr": 0.021611272913449
    },
    "kobest_sentineg": {
      "acc": 0.947103274559194,
      "acc_stderr": 0.011247745214944968,
      "macro_f1": 0.947103274559194,
      "macro_f1_stderr": 0.011258226566307953
    },
    "kohatespeech": {
      "acc": 0.4118895966029724,
      "acc_stderr": 0.022702355150728677,
      "macro_f1": 0.28748158260698004,
      "macro_f1_stderr": 0.020987203359039856
    },
    "kohatespeech_apeach": {
      "acc": 0.49230769230769234,
      "acc_stderr": 0.008143395613658488,
      "macro_f1": 0.33580817378497785,
      "macro_f1_stderr": 0.004207925543169056
    },
    "kohatespeech_gen_bias": {
      "acc": 0.8577494692144374,
      "acc_stderr": 0.016112326276355036,
      "macro_f1": 0.46171428571428574,
      "macro_f1_stderr": 0.004689874259671842
    },
    "korunsmile": {
      "f1": 0.37673488813580897,
      "f1_stderr": 0.006698180790580511
    },
    "nsmc": {
      "acc": 0.86138,
      "acc_stderr": 0.0015453600469641018
    },
    "pawsx_ko": {
      "acc": 0.521,
      "acc_stderr": 0.011173268141438297
    }
  },
  "versions": {
    "kobest_boolq": 0,
    "kobest_copa": 0,
    "kobest_hellaswag": 0,
    "kobest_sentineg": 0,
    "kohatespeech": 0,
    "kohatespeech_apeach": 0,
    "kohatespeech_gen_bias": 0,
    "korunsmile": 0,
    "nsmc": 0,
    "pawsx_ko": 0
  },
  "config": {
    "model": "hf-causal-experimental",
    "model_args": "pretrained=beomi/llama-2-ko-7b-emb-dev,use_accelerate=true,trust_remote_code=true",
    "num_fewshot": 50,
    "batch_size": "1",
    "device": null,
    "no_cache": true,
    "limit": null,
    "bootstrap_iters": 100000,
    "description_dict": {}
  }
}