{
  "results": {
    "kobest_boolq": {
      "acc": 0.6018518518518519,
      "acc_stderr": 0.013068878341067201,
      "macro_f1": 0.5705588005964188,
      "macro_f1_stderr": 0.013432739357697464
    },
    "kobest_copa": {
      "acc": 0.692,
      "acc_stderr": 0.01460648312734276,
      "macro_f1": 0.6909603907544981,
      "macro_f1_stderr": 0.014669874945993812
    },
    "kobest_hellaswag": {
      "acc": 0.384,
      "acc_stderr": 0.021772369465547194,
      "acc_norm": 0.508,
      "acc_norm_stderr": 0.022380208834928035,
      "macro_f1": 0.3794880247728004,
      "macro_f1_stderr": 0.021629298756743985
    },
    "kobest_sentineg": {
      "acc": 0.9193954659949622,
      "acc_stderr": 0.013679912566808524,
      "macro_f1": 0.9193703985783194,
      "macro_f1_stderr": 0.013710156485294809
    },
    "kohatespeech": {
      "acc": 0.3651804670912951,
      "acc_stderr": 0.022209049983335574,
      "macro_f1": 0.36264591425763654,
      "macro_f1_stderr": 0.0223230369878871
    },
    "kohatespeech_apeach": {
      "acc": 0.4992042440318302,
      "acc_stderr": 0.008144349185751345,
      "macro_f1": 0.48654334634980456,
      "macro_f1_stderr": 0.008127642029423841
    },
    "kohatespeech_gen_bias": {
      "acc": 0.832271762208068,
      "acc_stderr": 0.01723402597036215,
      "macro_f1": 0.4892031024778639,
      "macro_f1_stderr": 0.02075629788838919
    },
    "korunsmile": {
      "f1": 0.3672078917533703,
      "f1_stderr": 0.007944897327047309
    },
    "nsmc": {
      "acc": 0.80386,
      "acc_stderr": 0.0017757942101771943
    },
    "pawsx_ko": {
      "acc": 0.4915,
      "acc_stderr": 0.011181519941139164
    }
  },
  "versions": {
    "kobest_boolq": 0,
    "kobest_copa": 0,
    "kobest_hellaswag": 0,
    "kobest_sentineg": 0,
    "kohatespeech": 0,
    "kohatespeech_apeach": 0,
    "kohatespeech_gen_bias": 0,
    "korunsmile": 0,
    "nsmc": 0,
    "pawsx_ko": 0
  },
  "config": {
    "model": "hf-causal-experimental",
    "model_args": "pretrained=beomi/llama-2-ko-7b-emb-dev,use_accelerate=true,trust_remote_code=true",
    "num_fewshot": 5,
    "batch_size": "4",
    "device": null,
    "no_cache": true,
    "limit": null,
    "bootstrap_iters": 100000,
    "description_dict": {}
  }
}