{
  "results": {
    "kobest_boolq": {
      "acc": 0.5085470085470085,
      "acc_stderr": 0.013346817064850369,
      "macro_f1": 0.35205027569767156,
      "macro_f1_stderr": 0.007895253411981723
    },
    "kobest_copa": {
      "acc": 0.563,
      "acc_stderr": 0.015693223928730377,
      "macro_f1": 0.5620325298584574,
      "macro_f1_stderr": 0.015687857748073068
    },
    "kobest_hellaswag": {
      "acc": 0.418,
      "acc_stderr": 0.022080014812228137,
      "acc_norm": 0.492,
      "acc_norm_stderr": 0.02238020883492804,
      "macro_f1": 0.41539007061419025,
      "macro_f1_stderr": 0.021976394116691878
    },
    "kobest_sentineg": {
      "acc": 0.48614609571788414,
      "acc_stderr": 0.0251162986508672,
      "macro_f1": 0.34750241701579115,
      "macro_f1_stderr": 0.016128396070994675
    }
  },
  "versions": {
    "kobest_boolq": 0,
    "kobest_copa": 0,
    "kobest_hellaswag": 0,
    "kobest_sentineg": 0
  },
  "config": {
    "model": "gpt2",
    "model_args": "pretrained=meta-llama/Llama-2-7b-hf",
    "num_fewshot": 0,
    "batch_size": null,
    "device": "cuda:2",
    "no_cache": false,
    "limit": null,
    "bootstrap_iters": 100000,
    "description_dict": {}
  }
}