{
  "results": {
    "kobest_boolq": {
      "acc": 0.5142450142450142,
      "acc_stderr": 0.013343348923385135,
      "macro_f1": 0.3653778857064082,
      "macro_f1_stderr": 0.008968766609641222
    },
    "kobest_copa": {
      "acc": 0.743,
      "acc_stderr": 0.013825416526895038,
      "macro_f1": 0.7425239267405432,
      "macro_f1_stderr": 0.01383554046594572
    },
    "kobest_hellaswag": {
      "acc": 0.426,
      "acc_stderr": 0.022136577335085634,
      "acc_norm": 0.534,
      "acc_norm_stderr": 0.02233126442325838,
      "macro_f1": 0.42212301061312674,
      "macro_f1_stderr": 0.021911834390261304
    },
    "kobest_sentineg": {
      "acc": 0.5818639798488665,
      "acc_stderr": 0.024786883995173013,
      "macro_f1": 0.49196731421523276,
      "macro_f1_stderr": 0.024881265550942017
    },
    "kohatespeech": {
      "acc": 0.4394904458598726,
      "acc_stderr": 0.022893769191255322,
      "macro_f1": 0.3616788035392687,
      "macro_f1_stderr": 0.01673320729571277
    },
    "kohatespeech_apeach": {
      "acc": 0.5098143236074271,
      "acc_stderr": 0.008142790404217842,
      "macro_f1": 0.3376669009135629,
      "macro_f1_stderr": 0.0035712112150843973
    },
    "kohatespeech_gen_bias": {
      "acc": 0.14225053078556263,
      "acc_stderr": 0.016112326276355036,
      "macro_f1": 0.12453531598513011,
      "macro_f1_stderr": 0.01239007174718049
    },
    "korunsmile": {
      "f1": 0.3340793152121068,
      "f1_stderr": 0.007279108697110171
    },
    "nsmc": {
      "acc": 0.59018,
      "acc_stderr": 0.002199419946477598
    },
    "pawsx_ko": {
      "acc": 0.5235,
      "acc_stderr": 0.011170777418517836
    }
  },
  "versions": {
    "kobest_boolq": 0,
    "kobest_copa": 0,
    "kobest_hellaswag": 0,
    "kobest_sentineg": 0,
    "kohatespeech": 0,
    "kohatespeech_apeach": 0,
    "kohatespeech_gen_bias": 0,
    "korunsmile": 0,
    "nsmc": 0,
    "pawsx_ko": 0
  },
  "config": {
    "model": "hf-causal-experimental",
    "model_args": "pretrained=beomi/llama-2-ko-7b-emb-dev,use_accelerate=true,trust_remote_code=true",
    "num_fewshot": 0,
    "batch_size": "8",
    "device": null,
    "no_cache": true,
    "limit": null,
    "bootstrap_iters": 100000,
    "description_dict": {}
  }
}